1,北京电信
2,天津电信
3,河北电信
4,山西电信
5,内蒙古电信
6,辽宁电信
7,吉林电信
8,黑龙江电信
9,上海电信
10,江苏电信
11,浙江电信
12,安徽电信
13,福建电信
14,江西电信
15,山东电信
16,河南电信
17,湖北电信
18,湖南电信
19,广东电信
20,广西电信
21,海南电信
22,重庆电信
23,四川电信
24,贵州电信
25,云南电信
26,西藏电信
27,陕西电信
28,甘肃电信
29,青海电信
30,宁夏电信
31,新疆电信
349,波多黎各
32,北京联通
33,天津联通
34,河北联通
35,山西联通
36,内蒙古联通
37,辽宁联通
38,吉林联通
39,黑龙江联通
40,上海联通
41,江苏联通
42,浙江联通
43,安徽联通
44,福建联通
45,江西联通
46,山东联通
47,河南联通
48,湖北联通
49,湖南联通
50,广东联通
51,广西联通
52,海南联通
53,重庆联通
54,四川联通
55,贵州联通
56,云南联通
57,西藏联通
58,陕西联通
59,甘肃联通
60,青海联通
61,宁夏联通
62,新疆联通
63,北京移动
64,天津移动
65,河北移动
66,山西移动
67,内蒙古移动
68,辽宁移动
69,吉林移动
70,黑龙江移动
71,上海移动
72,江苏移动
73,浙江移动
74,安徽移动
75,福建移动
76,江西移动
77,山东移动
78,河南移动
79,湖北移动
80,湖南移动
81,广东移动
82,广西移动
83,海南移动
84,重庆移动
85,四川移动
86,贵州移动
87,云南移动
88,西藏移动
89,陕西移动
90,甘肃移动
91,青海移动
92,宁夏移动
93,新疆移动
94,华北电信
95,东北电信
96,华东电信
97,华中电信
98,华南电信
99,西南电信
100,西北电信
101,华北联通
102,东北联通
103,华东联通
104,华中联通
105,华南联通
106,西南联通
107,西北联通
108,华北移动
109,东北移动
110,华东移动
111,华中移动
112,华南移动
113,西南移动
114,西北移动
115,电信
116,联通
117,移动
118,铁通
119,教育网
120,鹏博士
121,长城宽带
122,百度
123,奇虎
124,搜狗
125,搜搜
126,谷歌
127,微软
128,雅虎
129,搜索引擎
130,香港
131,澳门
132,台湾
133,港澳台
134,蒙古
135,朝鲜
136,韩国
137,日本
138,菲律宾
139,越南
140,老挝
141,柬埔寨
142,缅甸
143,泰国
144,马来西亚
145,文莱
146,新加坡
147,印度尼西亚
148,东帝汶
149,尼泊尔
150,不丹
151,孟加拉
152,印度
153,巴基斯坦
154,斯里兰卡
155,马尔代夫
156,哈萨克斯坦
157,吉尔吉斯斯坦
158,塔吉克斯坦
159,乌兹别克斯坦
160,土库曼斯坦
161,阿富汗
162,伊拉克
163,伊朗
164,叙利亚
165,约旦
166,黎巴嫩
167,以色列
168,巴勒斯坦
169,沙特阿拉伯
170,巴林
171,卡塔尔
172,科威特
173,阿联酋
174,阿曼
175,也门
176,格鲁吉亚
177,亚美尼亚
178,阿塞拜疆
179,土耳其
180,塞浦路斯
181,亚洲
182,塞尔维亚
183,黑山
184,克罗地亚
185,波斯尼亚和黑塞哥维那
186,马其顿
187,罗马尼亚
188,保加利亚
189,阿尔巴尼亚
190, 希腊
191, 意大利
192,梵蒂冈
193,圣马力诺
194,马耳他
195,西班牙
196,葡萄牙
197,安道尔
198,德国
199,英国
200,爱尔兰
201,荷兰
202,比利时
203,卢森堡
204,法国
205,摩纳哥
206,波兰
207,捷克
208,斯洛伐克
209,匈牙利
210,斯洛伐克
211,匈牙利
212,瓦利斯和富图纳群岛
213,奥地利
214,瑞士
215,列支敦士登
216,冰岛
217,法罗群岛
218,丹麦
219,挪威
220,瑞典
221,芬兰
222,爱沙尼亚
223,拉脱维亚
224,立陶宛
225,白俄罗斯
226,乌克兰
227,摩尔多瓦
228,俄罗斯
229,斯洛文尼亚
230,欧盟
231,欧洲
232,吉布提
233,尼日尔
234,赞比亚
235,尼日利亚
236,阿尔及利亚
237,毛里塔尼亚
238,埃及
239,加蓬
240,几内亚
241,冈比亚
242,博茨瓦纳
243,塞内加尔
244,埃塞俄比亚
245,中非
246,加纳
247,安哥拉
248,肯尼亚
249,卢旺达
250,科特迪瓦
251,塞拉利昂
252,厄立特里亚
253,马达加斯加
254,马里
255,布隆迪
256,利比亚
257,索马里
258,津巴布韦
259,斯威士兰
260,几内亚比绍
261,刚果(布)
262,苏丹
263,喀麦隆
264,莱索托
265,塞舌尔
266,莫桑比克
267,坦桑尼亚
268,几内亚
269,刚果(金)
270,乍得
271,科摩罗
272,摩洛哥
273,突尼斯
274,毛里求斯
275,利比里亚
276,布基纳法索
277,圣多美
278,普林西比
279,多哥
280,佛得角
281,马拉维
282,乌干达
283,纳米比亚
284,贝宁
285,南非
286,非洲
287,墨西哥
288,古巴
289,巴哈马
290,巴拿马
291,尼加拉瓜
292,巴巴多斯
293,牙买加
294,海地
295,伯利兹
296,哥斯达黎加
297,萨尔瓦多
298,格林纳达
299,危地马拉
300,洪都拉斯
301,圣卢西亚
302,尼加拉瓜
303,多米尼加
304,多米尼克
305,圣文森特
306,格林纳丁斯
307,特立尼达
308,多巴哥
309,安提瓜
310,巴布达
311,圣基茨
312,尼维斯
313,波多黎
314,美国
315,加拿大
316,北美洲
317,委内瑞拉
318,圭亚那
319,苏里南
320,阿根廷
321,厄瓜多尔
322,秘鲁
323,玻利维亚
324,智利
325,巴拉圭
326,乌拉圭
327,哥伦比亚
328,巴西
329,南美洲
330,图瓦卢
331,澳大利亚
332,马绍尔群岛
333,斐济
334,基里巴斯
335,库克群岛
336,巴布亚新几内亚
337,汤加
338,新西兰
339,所罗门群岛
340,密克罗尼西亚
341,纽埃
342,阿瓦图
343,萨摩亚
344,帕劳
345,瑙鲁
348,南极洲
346,美属萨摩亚
347,大洋洲
350,圣基茨和尼维斯
351,圣文森特和格林纳丁斯
352,特立尼达和多巴哥
353,安提瓜和巴布达
354,赤道几内亚
355,马约特岛
356,南苏丹
357,圣多美和普林西比
358,中国未知
359,海外未知

